experiment,precision,recall,f1,roc_auc,pr_auc
logistic_no_balancing,0.5965630555405915,0.32389587598713077,0.4198434212272288,0.7271468731089549,0.5277560366674174
logistic_class_weight_balanced,0.38299208403105495,0.7849078677976017,0.5147932399337549,0.7275455571871802,0.52587617034235
logistic_smotenc,0.376600037380132,0.7661499463780833,0.5049785211912465,0.7080366841145161,0.4842033410324924
