model,precision,recall,f1,roc_auc,pr_auc
xgboost_classifier,0.6179838823695745,0.31841194682207247,0.42027835869330066,0.7424842804758026,0.5477777588925907
random_forest_balanced,0.41019740825965845,0.7401930431615371,0.527864722002156,0.7389261968020427,0.5405328451114055
logistic_regression_balanced,0.3749675003899953,0.7879439082134402,0.5081270258843426,0.7249056857417634,0.5174098479107243
dummy_most_frequent,0.0,0.0,0.0,0.5,0.27455
