model,mae,rmse,r2
random_forest_regressor,26.774371840758082,54.98424096656111,0.09587830744520798
xgboost_regressor,26.988314174821824,55.17405951017094,0.08962505034434809
linear_regression,27.309371717013203,55.73670563316798,0.07096299585987997
